"id","time","y","x1","x2","x3","x4","x5"
1,2000,3.76301161441955,3.11578625744849,2.34061868104461,1.11238459901585,2.08664579137454,0.153453424627358
1,2001,1.40372481268719,3.11660519381815,2.34533444187013,1.11886977173684,2.0781385355525,0.158202235038261
1,2002,13.794780321758,3.11747284928477,2.3444434816681,1.12525985147468,2.07025863830605,0.157381217385838
1,2003,3.4279123020554,3.1180452574794,2.3429124108381,1.12246886216286,2.04797261742659,0.150674862533117
1,2004,2.19134661794979,3.11973284115067,2.35266809090245,1.11362466181761,2.05459439556809,0.131145501189594
1,2005,-2.90216927847898,3.12115358746113,2.35913056031072,1.12228171315565,2.06722177936113,0.145417822984666
1,2006,3.28291741863038,3.12354741841534,2.367061826234,1.13675542468157,2.08848767730203,0.184206468464278
1,2007,6.1235028801009,3.12651311083366,2.37184122140555,1.14800355583245,2.10933988701033,0.20550703363987
1,2008,5.30287813354999,3.12750202154606,2.37433750164937,1.139707330794,2.11502408600283,0.252698334236422
1,2009,2.83433463226316,3.12407186525247,2.34447819339598,1.10226686218662,2.12742006802611,0.166060588604911
1,2010,8.67556949051565,3.12543374419136,2.36867009533475,1.10918219350266,2.12591362253094,0.213024680510111
1,2011,-6.36994051243649,3.1276653200929,2.37968951456358,1.10853497263638,2.12965772564475,0.240001594211061
1,2012,0.451143694887976,3.12781431193278,2.37980348566506,1.12504020945332,2.14936261819127,0.23415724851394
1,2013,2.94334076549453,3.12707901213148,2.37831284347975,1.11857816062769,2.15069448679568,0.215301790806824
1,2014,3.15027431356407,3.12705399366177,2.37745490511783,1.14710797221439,2.15785530725187,0.189551659020526
1,2015,1.10999185189027,3.12720637068531,2.37500760784064,1.11308432112414,2.1520169759168,0.133906395937193
1,2016,-0.574959574576069,3.12809310707858,2.37222135178386,1.09755410425461,2.15069448679568,0.110589938435541
1,2017,-0.637748139217693,3.12944935048041,2.37930891110613,1.10893722488278,2.14667024539937,0.121358576216037
1,2018,-34.1760149812701,3.13116522262699,2.38414246131183,1.12402518544063,2.14734695753755,0.139838200214872
1,2019,0,3.13229347857679,2.38385433953863,1.12647876602545,2.14667024539937,0.109582691894952
1,2020,0,3.1262309549654,2.36923399422334,1.10025769471773,2.15849289863261,0.0707323626220351
1,2021,0,3.13005172988752,2.38855640634287,1.09466682718676,2.15976158191168,0.117315345036619
1,2022,0,3.1337427053651,2.40785513228626,1.08026974371691,2.15976158191168,0.117315345036619
1,2023,0,3.13219493831945,2.39516532735415,1.09311572957262,2.15976158191168,0.117315345036619
1,2024,0,3.13117896118511,2.38489583788256,1.09311572957262,2.15976158191168,0.117315345036619
2,2000,6.50986776965388,3.10936004780808,2.43264936522239,0.941518509868489,0.975656706920104,0.0246109015649052
2,2001,0,3.11002762658865,2.42936253889585,0.94783621769643,1.04695774510357,0.0209939569059793
2,2002,11.7525774587142,3.11113465162153,2.42492376283866,0.954078030430347,1.07895118288016,0.0236352343442649
2,2003,7.81630967718763,3.11168046611067,2.42051168740037,0.948508938402358,1.13681806866811,0.0216893889807416
2,2004,12.6936156093468,3.11441068922475,2.42599506656491,0.94040845128092,1.16308559819519,0.0158623255006148
2,2005,0.67093648226928,3.11595629609298,2.43543963426119,0.917915517604257,1.27375309807593,0.0157271456112266
2,2006,-5.37571677120818,3.11760168137147,2.44137728847985,0.903561130694586,1.34378765724865,0.0192796987577806
2,2007,4.86299829315539,3.12014004709033,2.44469073609401,0.942114039224509,1.41550401537368,0.0190707818626884
2,2008,3.89823069246108,3.11983677410575,2.45411747318721,0.950168834715208,1.48520724747297,0.0183605638185932
2,2009,2.4427695936521,3.11742769218021,2.42369717381695,0.966812141436295,1.5673382656245,0.0173150964248532
2,2010,0.815213385759586,3.11898229991217,2.44206305449238,0.98246002340309,1.65615849738557,0.0469372299612838
2,2011,-3.21474016594722,3.11952190624276,2.4537750443094,0.98885225422173,1.68402236463627,0.0657507335158492
2,2012,11.0892961762066,3.11916505513371,2.45336871159267,0.994042002332516,1.73236004120165,0.0632880125924497
2,2013,3.96487993569584,3.11901833156896,2.4503465858502,0.996975569387446,1.75759633923107,0.0590534083565664
2,2014,1.76700019216128,3.12017011963576,2.45142719461562,1.02958718525788,1.78778236814407,0.0680015923640045
2,2015,-1.80888163287368,3.12094882787639,2.44759865343675,0.996776840052343,1.79822858334139,0.0352372143169912
2,2016,0.50130265092665,3.12154757221202,2.45195064772401,0.973273641850378,1.79131332634093,0.0303686678189245
2,2017,-3.04437334818171,3.12249625407831,2.46015047355597,0.944255309299057,1.8082526214155,0.0371331263769564
2,2018,-32.6036807738022,3.12373114368974,2.46153964101488,0.951532888387856,1.83897926169613,0.0484109359383436
2,2019,0,3.12537464078385,2.45868120716873,0.950552582850495,1.82410097596911,0.0422176844208178
2,2020,0,3.12067967849576,2.44966739889421,0.947089941240134,1.88117362914884,0.0284799361534563
2,2021,0,3.12564849297789,2.47042472263856,0.93235297598774,1.86622076519451,0.0448613158007993
2,2022,0,3.12833727364369,2.48292363831238,0.955395267514584,1.86622076519451,0.0448613158007993
2,2023,0,3.12907943059661,2.45907225513659,0.933852580028477,1.86622076519451,0.0448613158007993
2,2024,0,3.12942807210083,2.45181528079186,0.933852580028477,1.86622076519451,0.0448613158007993
3,2000,0,2.88390949010365,2.321542829695,-0.123151646858773,1.74528604941362,0.601190198531915
3,2001,6,2.89029171936509,2.32484814334293,-0.089672595329192,1.7092881401355,0.623233895445167
3,2002,1.63299316185545,2.89897975144023,2.31523265229546,-0.0559914245460224,1.77313933709413,0.431463260378447
3,2003,2.21359436211787,2.90543512159491,2.32468274327598,-0.170330097265312,1.79131332634093,0.406943654177674
3,2004,2.182820625327,2.91311210200576,2.35591084780168,-0.117623060479551,1.80495627538929,0.8636910365368
3,2005,4.51067110817823,2.92127829904792,2.3687991573161,-0.108134659613277,1.8115054024445,0.785282640236052
3,2006,6.14285714285714,2.92913278152858,2.38858022038257,-0.108419849904688,1.81788435693178,1.11782779711428
3,2007,12.7193792574816,2.93675390795087,2.40778717507285,-0.0576205923572781,1.77688072259414,1.07475159182055
3,2008,7.3143694191639,2.94376464806749,2.4094494028255,-0.120502208173622,1.81471564899766,1.15659347028462
3,2009,13.6187519613371,2.94086111196446,2.35515944034777,-0.0402905413156881,1.86363322807167,0.616345980039493
3,2010,18.2585172269665,2.94317781745951,2.37547716375409,-0.096758550091099,1.92499730927307,1.07265141196098
3,2011,-2.277979189806,2.9460219652306,2.39868137159284,-0.140631531595118,1.90193891055494,1.19790850010666
3,2012,14.7142505539201,2.94740996104768,2.40842012250075,-0.114548371209236,1.94950819128584,1.04849514094423
3,2013,-0.0539359889970594,2.94895021321903,2.41643479964593,-0.146207112121917,1.99158314838649,0.849533932339826
3,2014,10.4712000549101,2.95120439417771,2.41719701603525,-0.081846025089572,1.97476862963213,0.669565661983264
3,2015,-6.60085345436112,2.95600206895615,2.41234962171948,-0.158164702847109,1.98712656721595,0.584644489273768
3,2016,8.8259602380698,2.96043370322903,2.4067325269448,-0.139532943631266,1.98410307976716,0.485364204029705
3,2017,-0.0936585811581694,2.96459162720179,2.41636070892883,-0.124317152720606,1.97476862963213,0.646548271355068
3,2018,-42.6614580154031,2.96836559282231,2.41572018061162,-0.105457582406234,2.01122669488561,0.598485402302466
3,2019,0,2.9736152863566,2.41026460114731,-0.0373959526858489,2.00716840345643,0.527085686239317
3,2020,0,2.97138944138496,2.38755495471115,-0.126987083447323,2.03041457806981,0.555915181568638
3,2021,0,2.97973632058237,2.40439815959098,-0.0687599329218747,2.0216796577065,0.749753906834397
3,2022,0,2.98444150380813,2.42844290250275,-0.107507089261211,2.0216796577065,0.749753906834397
3,2023,0,2.98641082851983,2.40244252442007,-0.00685757312552038,2.0216796577065,0.749753906834397
3,2024,0,2.98983947204346,2.38722865897307,-0.00685757312552038,2.0216796577065,0.749753906834397
4,2000,0,2.97657167981412,2.31348804162359,-0.0298596590401491,2.09031253819527,0.83678626640713
4,2001,3.88908729652601,2.98357417122149,2.32572575764438,-0.0871098960949479,2.09121867441737,0.799094973613262
4,2002,3.67065174192899,2.98919458288292,2.32986448515737,-0.143795652286527,2.06925145316803,0.659206331138344
4,2003,3.04255531702266,2.99459210573849,2.33053352562344,-0.0459615619050048,2.07126078489177,0.612082009641938
4,2004,4.25817748240936,2.99863639322196,2.33100866833045,0.0411931771315078,2.08848767730203,0.587327784814444
4,2005,5.01901147542782,3.00271338879666,2.33064959091278,0.0831554992098609,2.09031253819527,0.626565718215033
4,2006,4.47299589846585,3.00757660748716,2.33536622082582,-0.0482086680216436,2.0781385355525,0.75426096435092
4,2007,5.72336492610318,3.01244242957879,2.33478001381583,0.0384587864813609,2.04909131895338,0.749578223855248
4,2008,5.29186885409987,3.01436888847357,2.33203061459033,0.0250015179876608,2.06413828843198,0.846100598455894
4,2009,6.80336051416609,3.00754003130198,2.30009121649895,0.0438478302945208,2.09391232843736,0.665700875345082
4,2010,-0.831162773771298,3.00643701317165,2.30827268710058,0.0802961313436375,2.11582265475223,0.74956252411316
4,2011,1.74226195458764,3.00666822198518,2.32163841959918,0.108963200892897,2.09391232843736,0.933255421370473
4,2012,11.6338433664636,3.00490187473922,2.32466720510634,0.14407585901399,2.11260839785347,0.933464320546312
4,2013,3.04088471760634,3.00538505335594,2.3292882133932,0.176124014645003,2.13835464898363,0.849944415795417
4,2014,4.27454548817003,3.00558966925375,2.33922159753728,0.21487099138766,2.14393883905945,0.720440022910738
4,2015,-2.1726238576705,3.00902871025089,2.3509651097451,0.126730725451336,2.14046807346474,0.612193398383483
4,2016,3.36336396998156,3.01344294980123,2.35403263518974,0.32773437249797,2.13113506818357,0.473421640670194
4,2017,-0.573819041757004,3.01817337560665,2.36413495418123,0.299701971303754,2.11582265475223,0.584371122976618
4,2018,-31.0805405358401,3.02224299028655,2.36762364119095,0.29293055070542,2.13835464898363,0.662056741930062
4,2019,0,3.02616683005322,2.37189561376467,0.335270383968535,2.12965772564475,0.556304204917658
4,2020,0,3.01860768272859,2.34864826909218,0.231957392226584,2.1354996190253,0.414144008993656
4,2021,0,3.03101128684837,2.37359029629605,0.268801941518269,2.14734695753755,0.600457091395949
4,2022,0,3.03834651267011,2.41047842877829,0.352619335153116,2.14734695753755,0.600457091395949
4,2023,0,3.04177088167236,2.38227675020231,0.346254579238553,2.14734695753755,0.600457091395949
4,2024,0,3.04518274843817,2.37818488674595,0.346254579238553,2.14734695753755,0.600457091395949
5,2000,0.577350269189626,3.06642751741288,2.42673179596297,0.803418655289802,1.3742797555965,0.019196120112289
5,2001,0,3.06902608713565,2.41935585848444,0.796455166951448,1.3593642103115,0.00987795573668842
5,2002,8.5,3.0713503699344,2.40794433549036,0.789412880630607,1.38858079834503,0.010946601987909
5,2003,4.14613991448386,3.07262089677501,2.3933517017025,0.761619909449418,1.38858079834503,0.00789390570365505
5,2004,2.5298221281347,3.07591088499168,2.39319111989562,0.744571413797056,1.4023094673217,0.00877024006294103
5,2005,0.668153104781061,3.07894440625047,2.38999874933274,0.726304989868808,1.41550401537368,0.00193200725406559
5,2006,-0.256073759865792,3.08163820468458,2.38653307156354,0.842878797125257,1.42819925428433,0.00186319886234695
5,2007,-0.390566732942472,3.0842387278233,2.3889528502984,0.848543438626206,1.51508818394552,0.00764824128871682
5,2008,2.00445931434318,3.08521647151433,2.3916282602711,0.89559653940615,1.62517704596646,0.0195909697512703
5,2009,4.98448296441418,3.08090009687167,2.37442259433477,0.895371099669046,1.66196207780898,0.0272597379982372
5,2010,2.16365799728227,3.08057172837835,2.38502320295499,0.896920951030588,1.67321468811912,0.0445427738366247
5,2011,-2.48672948456638,3.07861207299478,2.38787339531937,0.828663182376492,1.72790479339123,0.0716290724739622
5,2012,-7.25052366784248,3.07397953873519,2.39069087674055,0.842675285997126,1.76934177652865,0.0726010963814115
5,2013,4.41941738241592,3.06777807900452,2.40397202475174,0.810649464024588,1.8082526214155,0.0448790144650589
5,2014,-0.264906471413009,3.06638436477464,2.41800444012014,0.833364941780609,1.80161529759565,0.034857735669768
5,2015,25.8892747185885,3.06930436659314,2.42645302285194,0.800380442561654,1.83016258818987,0.019855287663161
5,2016,-11.3894972572664,3.07470778614817,2.42866608342969,0.608753226017323,1.82715071857448,0.00147131274413313
5,2017,24.6173659411878,3.07906839663526,2.43957105114186,0.712733063883492,1.8446824510512,0.00539143414675083
5,2018,-16.4620776331543,3.08358228176897,2.43911455621007,0.627774375104138,1.87381667241435,0.00469227758151943
5,2019,0,3.08756966317173,2.44245759416515,0.631588807091716,1.87381667241435,0.00361323604288692
5,2020,0,3.08335579702093,2.45367224270337,0.501741505480629,1.93852993222025,0.00793091994221418
5,2021,0,3.0918222250936,2.4698992477868,0.5461326908509,1.94950819128584,0.0127638717284953
5,2022,0,3.09732783260432,2.49503500614566,0.519372823290745,1.94950819128584,0.0127638717284953
5,2023,0,3.09879280062256,2.48254297503722,0.562572424065669,1.94950819128584,0.0127638717284953
5,2024,0,3.10083512367994,2.48224876012735,0.562572424065669,1.94950819128584,0.0127638717284953
6,2000,7.22956891292051,3.01108962902637,2.36462083474288,0.547198172196426,1.63798302229731,0.509335023103776
6,2001,5.3851648071345,3.01427847045991,2.36659290616038,0.636098509135444,1.66196207780898,0.665670052414362
6,2002,10.9166118275362,3.01593697845449,2.35143725219118,0.715953525753781,1.71406673635757,0.43992622185793
6,2003,11.2715202972501,3.01913481449599,2.3590753588506,0.724210631045954,1.68402236463627,0.395362037330344
6,2004,33.7553535324427,3.02360499230596,2.39202627406806,0.652501458035679,1.70442205454339,0.73272317088966
6,2005,23.2385014643922,3.02944976562734,2.40436445277334,0.714705590185408,1.72337246438745,0.658693236317912
6,2006,1.93204535298588,3.03535714137196,2.41278995753635,0.717483353470754,1.74104849082843,0.656781860216904
6,2007,11.0588246615369,3.03991127985551,2.416691333531,0.727180081087915,1.75759633923107,0.610672744874614
6,2008,11.2325213095224,3.04157978944677,2.40832434293318,0.739714272158796,1.78420083850397,1.02447898325721
6,2009,23.7144200668685,3.03633695164965,2.39182627475628,0.771293530327172,1.82410097596911,0.614201653119989
6,2010,28.4191551150833,3.03862120516779,2.41237744619508,0.757210127810904,1.8446824510512,0.776512790703054
6,2011,-26.7506208487623,3.04010174668235,2.42578026564769,0.804170878138611,1.87874701527944,0.831054777430761
6,2012,-3.53739213459675,3.03922943286847,2.436578906365,0.806832922089874,1.89293993354825,0.571660376332643
6,2013,8.88744699653683,3.03915779535065,2.43660519649745,0.807492932803064,1.91688140174683,0.365851099298641
6,2014,14.9947403132488,3.04117635190413,2.44908210056931,0.864475496945251,1.93474641014044,0.332730588642528
6,2015,-26.1674381607578,3.04559338309238,2.44643100814993,0.849269840047653,1.93474641014044,0.30439312030489
6,2016,5.67014762706712,3.04782732023672,2.4401937501269,0.788734670045691,1.93474641014044,0.3009389196841
6,2017,1.99455390463839,3.05234293289804,2.43926375865965,0.84023374282797,1.92894803383449,0.356583804526793
6,2018,-65.665820637528,3.05465645678502,2.43617448348701,0.805376532101984,1.93283028831766,0.371582729955298
6,2019,0,3.05757763710645,2.42757043029134,0.803959879561523,1.95479914402092,0.380586141039171
6,2020,0,3.05222267121819,2.41518964375403,0.804668986737372,1.97317283543157,0.395023191990481
6,2021,0,3.05764127262643,2.42658284222509,0.84112798075333,1.97635272520482,0.376435012851296
6,2022,0,3.05880023752038,2.43481601506229,0.846017508580877,1.97635272520482,0.376435012851296
6,2023,0,3.05717371553011,2.41941413740052,0.866036820984264,1.97635272520482,0.376435012851296
6,2024,0,3.05797003781657,2.41886752978328,0.866036820984264,1.97635272520482,0.376435012851296
7,2000,11.8511602807489,3.13721954088258,2.33427201038369,1.11135157075817,1.83897926169613,1.01930822038117
7,2001,3.81528386590613,3.13772820986687,2.33629468668633,1.12180154763437,1.85025285026831,0.907244531629601
7,2002,3.65464794650637,3.13784598170863,2.3375722947948,1.13200613732083,1.87131194364302,0.881569065454534
7,2003,-8.43815925694518,3.13799153702649,2.32891231355185,1.14234004959364,1.8906340796652,0.847016862711817
7,2004,10.2062072615966,3.1401364153875,2.33186330923438,1.14501000012802,1.92698136759131,0.939543524076439
7,2005,4.7253691838893,3.14191168462031,2.34833250452399,1.14649200253706,1.95825692996216,1.08529776535657
7,2006,5.46127892558024,3.1448540070062,2.36448981380529,1.1588622810835,1.94408710969643,1.11501924553128
7,2007,-0.412127706216357,3.14531725510256,2.36941845276751,1.16185392352972,1.98410307976716,1.05008507845398
7,2008,-3.47832977218569,3.14445259874003,2.37740836495277,1.15121953719368,1.99594849375627,1.18965053841443
7,2009,2.50452054066293,3.13959135449628,2.34832416367692,1.14143394601993,2.00716840345643,0.885296552333012
7,2010,2.01472928893898,3.14056444645561,2.35856163485082,1.13639563884072,2.03163289670417,0.900678844869642
7,2011,-0.472221412515419,3.14133318713866,2.37301936754738,1.14214750495848,2.06100683106413,1.05853215120693
7,2012,24.1691723764005,3.14100376376889,2.37721799130275,1.13000831314759,2.09121867441737,1.02042059986228
7,2013,-22.527330907438,3.14183738436985,2.37589081392473,1.13743687036664,2.0921206616936,0.881777735713105
7,2014,2.87763586600875,3.14249509339659,2.37517434326196,1.18797688114495,2.11898429591004,0.785986744435275
7,2015,3.84617535702124,3.14368048922474,2.37856650598016,1.16692206688995,2.13621741011471,0.481520540664095
7,2016,2.07777421506784,3.14561248102275,2.37200142652531,1.13217227576762,2.1326010584538,0.330086586754531
7,2017,1.61648484552561,3.14764449280305,2.37695926885721,1.11006661480667,2.15333020691557,0.440059725940568
7,2018,-33.5857112474933,3.14879892672064,2.38487604577534,1.10102825206411,2.15069448679568,0.53281828897254
7,2019,0,3.14994494088006,2.3899571913682,1.11837652081347,2.16719725546772,0.420135059937062
7,2020,0,3.14815721374999,2.37734340427891,1.11079380944726,2.18066404782115,0.160932520688483
7,2021,0,3.15317063706148,2.39065401548762,1.13565711938082,2.18066404782115,0.326662871382221
7,2022,0,3.15287668405586,2.41955224789278,1.13670440984193,2.18066404782115,0.326662871382221
7,2023,0,3.15275860330153,2.41634828959726,1.13923257318485,2.18066404782115,0.326662871382221
7,2024,0,3.15524226743639,2.41924328524979,1.13923257318485,2.18066404782115,0.326662871382221
8,2000,7,2.98864141174436,2.41201116565052,0.537963272530523,2.01388930193121,1.45327130479621
8,2001,1.4142135623731,2.99500154969984,2.41208286683985,0.608833627347028,2.00163282099061,1.37053708484756
8,2002,4.69485534033443,3.00229868370489,2.40742504292868,0.67406466220524,2.00716840345643,1.26535629622752
8,2003,3.93835477044315,3.01014573365448,2.40664408319276,0.660609964702795,2.01520802696146,1.20009950407257
8,2004,1.39497166492583,3.01717846754113,2.41679047154975,0.72969096087658,2.016518494779,1.04621289437082
8,2005,6.68563193861318,3.02657537084425,2.42470120544458,0.741717036134081,2.00163282099061,1.06078719318169
8,2006,2.05498734131697,3.03611122337223,2.42561323991103,0.86014384820087,1.97635272520482,1.06204716945909
8,2007,-0.304114368507882,3.04351408072588,2.42218366333931,0.85658573506836,1.99738392094077,1.03893145900265
8,2008,4.92307692307692,3.03875339309263,2.42569188729928,0.872244341705545,2.02295022405466,1.18669295191273
8,2009,1.96536534624126,3.02370847208286,2.39766672285697,0.857725299812139,2.0651713813216,1.03992138856222
8,2010,2.65149358870629,3.02627434047498,2.43440523338781,0.871167581861513,2.07619753492269,1.03338513089943
8,2011,2.97264214247015,3.03363537665586,2.459989823446,0.881654782968376,2.07521990035649,1.10453376064634
8,2012,1.90265912129408,3.037436062622,2.46242104339017,0.870145505152424,2.0732501465458,1.15551187318038
8,2013,2.31744652055544,3.03944092265149,2.45779176167025,0.888734266576918,2.06823918266756,1.10861582858518
8,2014,2.47900273203854,3.04280757213666,2.45075933441609,0.963958461521364,2.07619753492269,1.09877269335568
8,2015,2.84025934920241,3.04447754605631,2.44014734374863,0.935983997128885,2.10263317049111,0.992972279079775
8,2016,-3.35336324382627,3.04734045855232,2.43925836594006,0.889286634711818,2.09391232843736,0.913279142479148
8,2017,3.94180353722131,3.05240714967546,2.43556775528558,0.913972657350107,2.09656956941186,1.08916703863864
8,2018,-23.7065391822594,3.05549934277314,2.43417920036662,0.894173762115275,2.10601540889726,1.16760744397296
8,2019,0,3.05858436175895,2.43033049020095,0.911482992623406,2.12742006802611,1.11106301926769
8,2020,0,3.05565306864683,2.42660137592505,0.950121381109423,2.18567614029781,0.987128183474005
8,2021,0,3.06298063816067,2.45346302498545,0.971557061197103,2.17199372353767,1.08546316725862
8,2022,0,3.06057987562682,2.46881159700165,0.985641273773859,2.17199372353767,1.08546316725862
8,2023,0,3.05649426822545,2.44707053973374,0.985680772422131,2.17199372353767,1.08546316725862
8,2024,0,3.05626894708818,2.44306584640089,0.985680772422131,2.17199372353767,1.08546316725862
9,2000,1.75280929525488,3.11416737616725,2.314336360592,1.15104959905487,2.13039782607881,0.404534031313448
9,2001,7.94184075927422,3.11627369091182,2.30174195677524,1.14451112088875,2.11098102944513,0.355063420046258
9,2002,2.40359992020702,3.11753878602315,2.29900380372838,1.13787054533337,2.11341698314311,0.398288114018743
9,2003,13.8026084491302,3.1190868520013,2.29538345869818,1.15241703372276,2.10433162504009,0.358044950344188
9,2004,-7.32454341035759,3.1222903004084,2.3036584111785,1.14749197588466,2.12591362253094,0.292118738936614
9,2005,1.38054181088802,3.12439622007133,2.3186252221575,1.15040285994625,2.12891474635504,0.289690409941572
9,2006,0.39498481120598,3.12751300362789,2.33184650098307,1.15264661547861,2.12666832684814,0.357539450451373
9,2007,-3.69549516194767,3.13166089164065,2.3338579064243,1.13596367152793,2.13113506818357,0.393414914109806
9,2008,5.89455189920807,3.13193601174496,2.34138803813237,1.13962181771483,2.15069448679568,0.369657068680545
9,2009,3.68486144034082,3.12415477088731,2.30130095981659,1.15344353153215,2.13621741011471,0.32173020742133
9,2010,0.450834817333716,3.12648840109598,2.3157296990247,1.153100430605,2.14255816911272,0.467777255809939
9,2011,1.40314136996235,3.12814981628675,2.3239504828187,1.14739931608344,2.15398338792234,0.490335753696243
9,2012,4.12393543304757,3.12639061865224,2.32570088090334,1.14858591493509,2.17609078188409,0.525013191143234
9,2013,3.09444219837501,3.12512398430513,2.32089022173597,1.15164534718491,2.17492946149582,0.463185823866463
9,2014,2.14800466727447,3.12434077116121,2.31355652797749,1.19369649871695,2.19001868022021,0.450626842943652
9,2015,-0.954381986792102,3.12446015144065,2.30640589508087,1.17637707355341,2.20044134060137,0.419836342277598
9,2016,-1.25364407437337,3.12643437349416,2.3057477579624,1.16504583191207,2.19634398410367,0.389490978471522
9,2017,1.64646906035725,3.12907169506901,2.31696211465753,1.16916994905713,2.20641787782781,0.426443567556727
9,2018,-38.4707681233427,3.12999130606631,2.32500055813117,1.17175469400858,2.2054354805837,0.514203733390221
9,2019,0,3.13106460052056,2.32844059121329,1.16628931903577,2.21125070957909,0.350330254472214
9,2020,0,3.12873758598519,2.30701542363211,1.16779351485332,2.22008765699606,0.281627758122504
9,2021,0,3.13086201853099,2.3265731554927,1.16650333269225,2.23277968554185,0.421883875208096
9,2022,0,3.13128760971442,2.35890836707315,1.15222514768507,2.23277968554185,0.421883875208096
9,2023,0,3.13002938825907,2.33999701767851,1.15460850476346,2.23277968554185,0.421883875208096
9,2024,0,3.12983098481843,2.33523534704431,1.15460850476346,2.23277968554185,0.421883875208096
10,2000,11.538004208941,3.10257375193055,2.26218607019455,0.987901639975978,1.79479498824035,0.0696317043373757
10,2001,14.3362045382793,3.10360699029161,2.25897371747917,0.945055886450346,1.79822858334139,0.0630649386645243
10,2002,11.34801623754,3.10390713474528,2.25245733355225,0.898374063283837,1.77313933709413,0.0567768227653204
10,2003,22.8973138213146,3.10413777379037,2.24262741966968,0.949395188765854,1.77688072259414,0.051204164719185
10,2004,12.6200886773927,3.10601224799393,2.24716168100972,0.985230724092583,1.78056741440334,0.0406036269140121
10,2005,6.14423367434935,3.10701196383001,2.25504160613116,0.978652130454734,1.76934177652865,0.0417031099508828
10,2006,-4.21971800798224,3.10877973436369,2.26248249258922,0.998959118551649,1.76548650130625,0.0481203451879298
10,2007,7.7717901426673,3.11045472433924,2.26348757220229,0.996831549019579,1.79822858334139,0.0484456063442176
10,2008,0.101768029732914,3.11029581212792,2.26708343502186,1.01128784584519,1.83313742834362,0.0539277417858149
10,2009,20.2682753777721,3.10728442922695,2.24102435530631,0.992911869308467,1.85298998668053,0.0494183558317434
10,2010,8.37769438131064,3.1086114761166,2.25785993961792,1.01252071754593,1.87131194364302,0.0546028133928901
10,2011,34.7759923492825,3.11032671077832,2.27195235661532,0.986937489478593,1.83607605580877,0.0486540108920033
10,2012,-7.67980537704327,3.11005964460514,2.27546179238357,0.989630244200846,1.88117362914884,0.0483233216508585
10,2013,10.0444178455606,3.11029267206904,2.27598949586605,0.976562446611734,1.90630920820275,0.0481326401835741
10,2014,4.06254626015126,3.11075361565021,2.27723420883381,0.995774565925974,1.90193891055494,0.0461923034002916
10,2015,-15.9687759954714,3.11138105024505,2.28144139684872,0.962754023976162,1.90413451187139,0.0409684085185173
10,2016,-1.8369334559772,3.11190764583228,2.28092517167427,0.956723434512437,1.92299557627521,0.0401685447765914
10,2017,-4.60750759235318,3.11348093977649,2.28735605461801,0.974912548284979,1.92097587931583,0.0362092134380374
10,2018,-79.4858477969506,3.11461056872838,2.29162347689343,0.974206152172004,1.94225014492888,0.0428788183721731
10,2019,0,3.11609345935733,2.29050138699356,0.964596196687721,1.94771590959017,0.0337749720555998
10,2020,0,3.10893908501964,2.26589845752404,0.93524559286485,1.96994551182446,0.0266255718742898
10,2021,0,3.11453699602955,2.28234232742941,0.918569647853749,1.95996556414596,0.0325251641489257
10,2022,0,3.11646553140737,2.31702438436392,0.883834513407354,1.95996556414596,0.0325251641489257
10,2023,0,3.1174856436665,2.30270344239519,0.883828802720056,1.95996556414596,0.0325251641489257
10,2024,0,3.11829953247842,2.29549088372142,0.883828802720056,1.95996556414596,0.0325251641489257
11,2000,9.6079056152655,3.10741491488391,2.26713817945624,1.05006739584833,1.45221607015276,0.0938704416184901
11,2001,59.7242340008152,3.10871243727771,2.26839295678032,1.05415778770844,1.47458282525919,0.130779554611823
11,2002,5.50416732923025,3.10835880943647,2.26412318183394,1.05821247102944,1.52444321618213,0.104444721555502
11,2003,7.29931503635786,3.10783562317427,2.26616214008579,1.05924430934774,1.60481704400512,0.0960827424538046
11,2004,2.73402697040528,3.10888524356334,2.27952648065925,1.0536029839013,1.66196207780898,0.13753153611683
11,2005,1.82574185835055,3.10972120223845,2.29207478148765,1.06393489505444,1.71406673635757,0.137974040769993
11,2006,14.6323179889493,3.11319399548477,2.30857729501053,1.10010363334545,1.76934177652865,0.162469700292849
11,2007,-7.31110540441962,3.11583670257879,2.31422729101709,1.09581006178012,1.83313742834362,0.169269524745954
11,2008,11.9137079170933,3.11678694876911,2.317409827421,1.08934516990753,1.82410097596911,0.296999611585783
11,2009,2.06464114007968,3.11195546113225,2.28962488538824,1.06280750511034,1.83897926169613,0.157619620521683
11,2010,1.77584435928541,3.11568442184341,2.3115958678958,1.05921850298043,1.86363322807167,0.193095362744665
11,2011,3.265943804657,3.12057907156115,2.32325202693391,1.05295423783496,1.88595214039424,0.224714461641145
11,2012,9.62289436389069,3.1208210418842,2.32546011212945,1.06934262334704,1.91059731602051,0.163390486828574
11,2013,11.5574365972089,3.12092963512826,2.32114316827189,1.06066136693917,1.91059731602051,0.124410756803352
11,2014,-3.1450188680389,3.12246062308379,2.31928399075804,1.12310912776509,1.91893792222846,0.0970556477620494
11,2015,5.94796967775205,3.12314940391598,2.32157001989311,1.09686521455435,1.93089758412947,0.075866203150132
11,2016,13.4529732874325,3.12437059413453,2.31713480871752,1.04139345274899,1.92299557627521,0.0641322184231203
11,2017,28.1127095598614,3.12646214269402,2.32081407256633,1.03828894671108,1.94225014492888,0.0681579762038211
11,2018,-110.34491379307,3.12718769045709,2.32495554646923,1.0440920631609,1.95653485476009,0.0845634571337345
11,2019,0,3.12784161201209,2.32482823554202,1.04072853810048,1.97476862963213,0.0923627132424855
11,2020,0,3.12407268743312,2.3090482764333,1.01972973984921,1.99594849375627,0.0765953426242697
11,2021,0,3.12739703294217,2.32688857760625,1.03752383877297,1.98257519636465,0.0769328495295523
11,2022,0,3.12898385642883,2.3470289816556,1.02387513058212,1.98257519636465,0.0769328495295523
11,2023,0,3.12810556565506,2.33175727092972,1.03051107240818,1.98257519636465,0.0769328495295523
11,2024,0,3.12743031308283,2.3248710757168,1.03051107240818,1.98257519636465,0.0769328495295523
12,2000,4.91934955049954,3.04597003301751,2.2668507220998,0.716682653250913,1.73674053195658,0.0724702571323774
12,2001,3.70328039909021,3.04978254735239,2.25884437852971,0.674449647880975,1.70442205454339,0.100102881968861
12,2002,2.83110429252465,3.05375445098988,2.23215927713914,0.629653555728222,1.71406673635757,0.0501355917202443
12,2003,3.92199215602353,3.0588225205788,2.22276400010079,0.672713678772009,1.72790479339123,0.0383873162908892
12,2004,4.18709278996131,3.06348705367731,2.23119034603951,0.739076677358037,1.73674053195658,0.157703570100114
12,2005,6.15831596228461,3.06431036069691,2.23343523293234,0.669684954828029,1.74528604941362,0.131245418192445
12,2006,0.313727902569079,3.06983310020337,2.23655917108098,0.718089803991985,1.76548650130625,0.188533212162174
12,2007,1.18060255540228,3.07278641985434,2.25015317504846,0.715631950223152,1.74945525076715,0.312495199062288
12,2008,11.0955626622252,3.07259423830244,2.25974213655412,0.712221088665299,1.75759633923107,0.334316063100126
12,2009,-0.371791529872138,3.06845569546818,2.21585394469347,0.576165305350008,1.79131332634093,0.119647520170486
12,2010,4.9224759248542,3.0628813585009,2.23580445481112,0.529827693366692,1.85837142018353,0.264978761541084
12,2011,-0.718381116519239,3.0532709137326,2.2567798085578,0.490868684408626,1.85837142018353,0.343433110087249
12,2012,4.16266843160188,3.04555665562682,2.27786917489814,0.37054840285826,1.92299557627521,0.229955649491651
12,2013,15.2184612395603,3.04406218062122,2.27968169933327,0.437681013796771,1.96666944378771,0.159978898701922
12,2014,-3.62323127581566,3.04544464772219,2.29051513762821,0.358074631848355,1.96334326771324,0.124137761689503
12,2015,6.83258870610859,3.04585307037729,2.28697392249717,0.247353411030562,1.98103636505647,0.0712304670619715
12,2016,6.25905621906076,3.04621751554749,2.28192726648512,0.111925037288418,1.96334326771324,0.0903513026786705
12,2017,5.38656715730726,3.04779115292474,2.30342048656851,0.0502243502804561,1.96334326771324,0.107327677283548
12,2018,-38.9871773792359,3.04991667635055,2.32523137388025,0.112540388812153,1.98712656721595,0.10750806145988
12,2019,0,3.05214187874553,2.32850274762922,0.156778560715718,1.99594849375627,0.0703597898549364
12,2020,0,3.04320712417013,2.30176904619497,0.281367973462644,2.01782079972786,0.0388264516878458
12,2021,0,3.05222179545773,2.34536984405215,0.310855307536129,2.03524529974926,0.087299660284366
12,2022,0,3.05845881749565,2.38370990986735,0.314454900845398,2.03524529974926,0.087299660284366
12,2023,0,3.06070240366659,2.3547093120897,0.210028968796212,2.03524529974926,0.087299660284366
12,2024,0,3.06265139206893,2.3491304196961,0.210028968796212,2.03524529974926,0.087299660284366
13,2000,3.90909090909091,2.9777035003903,2.42643499649842,0.699415661525751,1.59039700111488,0.622579647149225
13,2001,13.7432910461973,2.98197102681068,2.41808461083953,0.710390736782237,1.58290994290006,0.603095264398075
13,2002,16.2697843363992,2.98692041142482,2.39998207001563,0.721196315780058,1.59039700111488,0.426816371435252
13,2003,5.13870119777362,2.99108748326913,2.39770998272859,0.682586396390975,1.57522678743277,0.396342505670293
13,2004,4.0361998328761,2.9961508118159,2.40790729604508,0.707714686465817,1.54233799591147,0.422815322130707
13,2005,3.73756441484318,3.00053766441261,2.41411812715659,0.703266007999239,1.71406673635757,0.388798093891656
13,2006,4.66490399741902,3.0045149128008,2.44098868176243,0.782429413508106,1.74104849082843,0.498672069897398
13,2007,11.758125223518,3.00499607780134,2.44818740711854,0.763109232652501,1.78420083850397,0.437261210821715
13,2008,7.57564326326878,3.00614550019376,2.45129942291973,0.747268990523242,1.78420083850397,0.585326980301967
13,2009,-4.08637654682516,2.9993868399936,2.43637076377505,0.660828291371743,1.88117362914884,0.443605745496314
13,2010,4.00188322154293,3.00066644989018,2.45063466857813,0.661804866533178,1.90846335929239,0.466079234225575
13,2011,-5.66945326546647,3.00282995058243,2.45999824111245,0.65137242134661,1.93283028831766,0.596513938234628
13,2012,3.16987401418775,3.00200543003011,2.45940842233921,0.550147677576116,1.96501270662774,0.555536350837269
13,2013,6.02850789048978,3.00447376095477,2.45766197840834,0.529166271857382,1.97635272520482,0.470617466226046
13,2014,6.21955500418863,3.00905750619862,2.46162080485586,0.471735873007451,1.95128601726827,0.383664155407155
13,2015,-6.14109147337059,3.01294207815971,2.46054285726868,0.365126960107771,1.94950819128584,0.277830051571261
13,2016,6.65222232458222,3.01568195101595,2.45713997316055,0.392501206679674,1.94408710969643,0.223263849183144
13,2017,-0.804154015811921,3.0199561360023,2.45823644337199,0.494089281783888,1.93089758412947,0.275431961910331
13,2018,-46.8508271004899,3.02545085978929,2.45581532519,0.50780980665646,1.91059731602051,0.334693329690999
13,2019,0,3.03035624308574,2.4528805923709,0.463283360241004,1.91059731602051,0.295100060890131
13,2020,0,3.02631629825423,2.44699760280234,0.458190073718611,1.93474641014044,0.201878805672034
13,2021,0,3.03343497508039,2.45209014284019,0.468666414589108,1.94408710969643,0.382809638458492
13,2022,0,3.03759354411431,2.47746057830107,0.399716044516178,1.94408710969643,0.382809638458492
13,2023,0,3.03693677628594,2.45122654728775,0.403985059768879,1.94408710969643,0.382809638458492
13,2024,0,3.03777232623865,2.43779616857407,0.403985059768879,1.94408710969643,0.382809638458492
14,2000,4.47602307955351,3.12454079983159,2.4681086646061,1.02654141653809,1.16308559819519,0.0761864089009184
14,2001,6.57938777989884,3.12767514320355,2.46799915870619,1.03606810169596,1.16308559819519,0.0565977132349359
14,2002,2.67239600449827,3.13120866278739,2.45687766984967,1.0454067310983,1.21110408138671,0.047545055911884
14,2003,-4.17647058823529,3.13237629546869,2.43782801447706,1.00633357071242,1.16308559819519,0.0356212765650175
14,2004,5.14736950723733,3.1364940368501,2.43789428443887,1.01640375597591,1.23312502010091,0.0548580760506982
14,2005,-0.699854212223765,3.1394397943769,2.43976060515693,1.04172272295475,1.34378765724865,0.0635190850470832
14,2006,-1.84602313594378,3.1413152954753,2.44190110362038,1.08169255847856,1.38858079834503,0.29988636353244
14,2007,7.51121339686386,3.14328335445665,2.44573560438042,1.08758887262789,1.42819925428433,0.277755341427027
14,2008,7.53819105119553,3.13756029102288,2.453002163975,1.08022511442489,1.50544159689903,0.039615183859926
14,2009,0.528783179087078,3.13213586545174,2.46679164375795,1.09207663703566,1.59769665036953,0.0448052844437292
14,2010,3.00568720889632,3.13311427661405,2.48196731587868,1.09736176669741,1.59769665036953,0.108164536027187
14,2011,2.74442693373879,3.13412294238559,2.47863163599006,1.09308670809638,1.69946556508538,0.0959475524367974
14,2012,-9.55384833978159,3.13340167257895,2.48220762604169,1.08728021459852,1.69441561661104,0.0584904503066851
14,2013,13.7606292031704,3.13482935635675,2.49016464787013,1.08177123667333,1.73236004120165,0.0370721272855552
14,2014,-1.24906842077237,3.14196047347261,2.49929312375644,1.09729447664498,1.77688072259414,0.0353811014543626
14,2015,3.56760697791561,3.15996622529642,2.50864925397503,1.08763126129722,1.80161529759565,0.0187685044701522
14,2016,6.28779195019864,3.15990798849084,2.51976122015395,1.0004358362827,1.76934177652865,0.0651326507112652
14,2017,1.93468621556266,3.16689742722423,2.515421125956,0.968399950733812,1.82101248893922,0.112358455669526
14,2018,-31.4483703870328,3.17189508315302,2.50774342941713,0.980433510550632,1.8418478124931,0.125415031780986
14,2019,0,3.17462381547101,2.53124045316164,0.955415541578772,1.88117362914884,0.0670696743719778
14,2020,0,3.17932538861552,2.53193074206955,0.996804458318966,1.91271142068667,0.0367461405763301
14,2021,0,3.19061790896966,2.51384837765276,1.010120565413,1.8906340796652,0.100647346790161
14,2022,0,3.1949310735436,2.51845202995143,1.0220569591716,1.8906340796652,0.100647346790161
14,2023,0,3.19128853391934,2.51972191955152,1.05795168308723,1.8906340796652,0.100647346790161
14,2024,0,3.19210303230611,2.52400590058556,1.05795168308723,1.8906340796652,0.100647346790161
15,2000,17.8337083149684,3.10081432710063,2.23309497023664,0.702837229560869,1.58290994290006,0.0910791419089055
15,2001,33.9095556657862,3.10254262755929,2.23135199887378,0.672341051436211,1.60481704400512,0.102362577427313
15,2002,23.8425336167616,3.10260694266966,2.22266120251602,0.640534522359484,1.61855024836491,0.0893911968441447
15,2003,19.6765413528355,3.10218185650722,2.21406119341097,0.605482256085754,1.65615849738557,0.0824245297517198
15,2004,31.0448668436273,3.10282643133584,2.21993509997011,0.534428615763259,1.63798302229731,0.0775875697557722
15,2005,33.1773518701536,3.1029841056584,2.2281684169188,0.471768075139167,1.68402236463627,0.101287519706359
15,2006,32.6231370011624,3.10422354726541,2.24391853364823,0.362483093413863,1.72337246438745,0.122045253635055
15,2007,22.5179012757094,3.10497834755096,2.25130505860531,0.437872252765949,1.77313933709413,0.116278592459819
15,2008,7.87764629223614,3.10336684189829,2.24895868415044,0.421556276691367,1.8418478124931,0.150647539256354
15,2009,14.2511577092264,3.09794773867619,2.21001375574896,0.380028156935701,1.88595214039424,0.0905149988235813
15,2010,25.9805490438626,3.09891612166513,2.23884755943572,0.427278223413666,1.89293993354825,0.107379315914809
15,2011,-2.51979433838941,3.09922831824229,2.249948685361,0.45091718089428,1.87131194364302,0.154761318798206
15,2012,16.4943526038481,3.09612026165512,2.25151928044023,0.403012664374887,1.92698136759131,0.168050378369561
15,2013,12.8001960317092,3.09428213400346,2.2482642423861,0.411753419252248,1.96166094784499,0.154245365819521
15,2014,9.01708342133032,3.09426724482766,2.24988099400077,0.399784319406201,1.97476862963213,0.137578616296659
15,2015,-1.76877967401153,3.09520088097052,2.25359702312262,0.280795812345119,1.96666944378771,0.0817269938827678
15,2016,28.7961476730025,3.09648184200082,2.2497952817335,0.351398345813223,1.95825692996216,0.0472699500883597
15,2017,-74.0152777427469,3.09808584897337,2.26146074720776,0.30900963973184,1.96334326771324,0.0639115187314185
15,2018,-120.710397232384,3.09860781096096,2.26741285542521,0.236159083820116,1.97476862963213,0.0988781369601854
15,2019,0,3.09962318620305,2.26539298360089,0.266007323767833,1.9779252781272,0.0823063875478501
15,2020,0,3.0916769148812,2.247897909811,0.203824522315415,1.99880970621322,0.0559122278574226
15,2021,0,3.0998667746314,2.27092703295009,0.235898181279565,1.98103636505647,0.111544770878592
15,2022,0,3.10427332581835,2.30655570659196,0.288744467593455,1.98103636505647,0.111544770878592
15,2023,0,3.1051869483717,2.28646656693498,0.372401287600926,1.98103636505647,0.111544770878592
15,2024,0,3.10585201192774,2.27925995732295,0.372401287600926,1.98103636505647,0.111544770878592
16,2000,4,2.9416561301921,2.3355842880351,0.147817391164764,2.15849289863261,1.29113830278974
16,2001,0,2.9495742970849,2.34572359739422,0.225670283658301,2.15592936869893,1.18317086320449
16,2002,8,2.95846194600728,2.34091749994492,0.300887390686368,2.14936261819127,1.09110851163698
16,2003,-3.80131556174964,2.96779628783025,2.34659242318264,0.528288883523235,2.14869312802309,1.09297111809878
16,2004,43.3012701892219,2.977448664799,2.36411720300593,0.495195999580415,2.16039270094494,1.04346810875299
16,2005,1.35873244097351,2.98963478735983,2.37749084713648,0.51612442588893,2.16164856071471,0.94446823265383
16,2006,1.15950180872841,3.00258153918933,2.37955103267981,0.554414888674199,2.14667024539937,0.883613426785142
16,2007,-6.06972686028093,3.01314971618641,2.37095530117712,0.624229327566677,2.14046807346474,0.782260470730864
16,2008,6.16644143732834,3.01079749259539,2.36127928670345,0.664801883716683,2.14462540722788,0.61999381606793
16,2009,7.08805377583395,2.99511830540825,2.34712779245578,0.672844991326234,2.17434604274772,0.733953297711421
16,2010,8.14005917547788,2.9934714033841,2.3882765730665,0.652679846730105,2.14046807346474,0.92871536269192
16,2011,0.711530850088466,2.99827066351029,2.4164976924383,0.640552306612273,2.15657355623141,0.949186586446073
16,2012,-0.822192191643779,3.00648653870593,2.42116927234883,0.666467303214765,2.18567614029781,0.987542303653567
16,2013,3.83246183452362,3.00958597200789,2.41641910061229,0.654992081276261,2.18122777388084,0.866955787884047
16,2014,2.20870513613257,3.01254796782857,2.41691675413847,0.722556657312397,2.18457415496217,0.860767406790895
16,2015,2.95474853788875,3.01698401938546,2.41184854396008,0.657928544689466,2.17258462201259,0.796763879401296
16,2016,-4.0106173522778,3.02033176179188,2.40749483088644,0.755463734496012,2.17492946149582,0.786170542002556
16,2017,3.64083279352688,3.02443947954042,2.41509817218297,0.740059812200151,2.1973770655481,0.895856664061323
16,2018,-19.313207915828,3.02927350672469,2.41443567593167,0.752840613119809,2.18894271157277,0.832765194420578
16,2019,0,3.03059276080504,2.41030898522219,0.783763273944652,2.19162079120939,0.88783711531098
16,2020,0,3.027862731592,2.40829320843398,0.752248934750823,2.20345442381795,0.925131870141497
16,2021,0,3.03513577410456,2.42583896098929,0.767592669406635,2.20444768102151,0.876734722715805
16,2022,0,3.03720723491134,2.45284557644408,0.751622119739265,2.20444768102151,0.876734722715805
16,2023,0,3.03608093470335,2.42435215541771,0.815749222262648,2.20444768102151,0.876734722715805
16,2024,0,3.03693518163659,2.4199084663793,0.815749222262648,2.20444768102151,0.876734722715805
17,2000,9,2.94244898808422,2.33461698924416,0.21504130396622,1.97635272520482,0.798985623678633
17,2001,3.47850542618522,2.94989606998212,2.35676315698322,0.298994511887509,1.98257519636465,0.768154655949277
17,2002,2.61861468283191,2.95749552599978,2.36994499082965,0.378945481389516,1.98712656721595,0.685066564151929
17,2003,6.78902858227222,2.96866930405384,2.36574998416283,0.452388306162465,1.99010793010843,0.635031971269039
17,2004,9.78164380641391,2.97624659920452,2.37670541906957,0.512195592669945,1.99010793010843,0.582030170352531
17,2005,4.25706244318324,2.985434598728,2.39872983564124,0.524712391832576,1.98103636505647,0.534500104806525
17,2006,3.05085107923876,2.99419539618146,2.40934196370592,0.617956960218419,1.98103636505647,0.503923788748094
17,2007,3.77964473009227,3.00581083229333,2.39694941800066,0.603727862854337,1.97476862963213,0.448204992628767
17,2008,5.09524665365068,3.00935456394019,2.41238197287688,0.602419873654603,1.99304823091274,0.414413911192682
17,2009,5.93518054984042,2.9945320186447,2.37840890177336,0.628458189206018,2.01782079972786,0.382436367512321
17,2010,7.22878124658234,2.99704881309057,2.41905753926148,0.664159214540422,2.03524529974926,0.484125226389566
17,2011,0.649063016073031,3.005372574083,2.44146712702243,0.658807935501042,2.04909131895338,0.505996259422122
17,2012,-0.867461429365421,3.01087543178377,2.44932722930712,0.706878272050946,2.06205606444002,0.467034632697984
17,2013,-1.18879573271342,3.01568307386226,2.44931378132489,0.697878416785147,2.08571837216538,0.424492440548429
17,2014,2.23744571513975,3.02009035540586,2.43394241219309,0.760883925268489,2.09832127811313,0.411253079008723
17,2015,0.564532447121236,3.02367416522323,2.42762235106563,0.783290395140403,2.10933988701033,0.342049696185849
17,2016,-1.97382314521823,3.02735801066017,2.423113289767,0.79322677792346,2.12891474635504,0.325848779303475
17,2017,4.29471894056446,3.03287359737929,2.43590704327198,0.774203550295175,2.14530948662224,0.387676923276896
17,2018,-27.9105714739057,3.038270484283,2.43861940862963,0.752794081807699,2.14462540722788,0.361947449876586
17,2019,0,3.04290610917774,2.43999332476101,0.787481237244745,2.14324976533627,0.322629358874251
17,2020,0,3.04297122890482,2.42455094032594,0.767019730484137,2.13039782607881,0.301401303402473
17,2021,0,3.0489070347294,2.44730829421458,0.833329913260203,2.14116734054458,0.278736296869116
17,2022,0,3.05049622219081,2.4687776064839,0.826157745219561,2.14116734054458,0.278736296869116
17,2023,0,3.0494952435123,2.44076890367923,0.92199649682656,2.14116734054458,0.278736296869116
17,2024,0,3.05153104702029,2.43364852580886,0.92199649682656,2.14116734054458,0.278736296869116
18,2000,1.22474487139159,3.19039309429235,2.54001020329629,1.11323841648806,1.68926900441457,0.019006333969386
18,2001,0,3.19190194539451,2.53905931736381,1.12107277370737,1.41550401537368,0.0187853562770422
18,2002,2.66666666666667,3.19364546862632,2.52689888631519,1.12876848998902,0.935773481689307,0.0172509667956049
18,2003,3.63803437554499,3.19476733357149,2.5232326520731,1.11657749352002,0.935773481689307,0.0150653121665984
18,2004,1.23743686707646,3.1969930558251,2.53581125714283,1.12164460874116,0.975656706920104,0.00965690111558792
18,2005,-0.800640769025436,3.19774584027967,2.54656173376344,1.11423492275584,1.13681806866811,0.00984226774711636
18,2006,-2.74397736228014,3.20120473919793,2.55801312430097,1.07484577284106,1.18779982795243,0.0208954420686625
18,2007,5.18544972870135,3.20626700314463,2.55881894996098,1.09351812343047,1.44042693341193,0.0329502471815471
18,2008,1.58113883008419,3.20457665595973,2.55095005392269,1.10574353617321,1.48520724747297,0.174279959971097
18,2009,0.848528137423857,3.20040009089975,2.53480206797214,1.11448695195974,1.45221607015276,0.16486809038897
18,2010,-4.94433297537985,3.20191708370632,2.55172176969007,1.12139825613379,1.45221607015276,0.0727909774659615
18,2011,2.06474160483506,3.20095499534801,2.55943276243924,1.11558299054399,1.46359323904057,0.111168125712229
18,2012,3.96862696659689,3.20033268398878,2.5609544625867,1.10642511025179,1.50544159689903,0.123681915343181
18,2013,5.71428571428571,3.20099260016423,2.56519372291906,1.11101398905502,1.62517704596646,0.0653874917305426
18,2014,-2.01399597201208,3.20118145857374,2.57120674818837,1.13735419273217,1.68926900441457,0.0510803155729979
18,2015,4.42234585453726,3.20108752512781,2.57903958586201,1.11971947532705,1.78778236814407,0.0121641269394706
18,2016,-1.93347297809133,3.20328263208146,2.57787702987091,1.08504002855889,1.90846335929239,0.0100659739330638
18,2017,3.43076011148094,3.20237169961754,2.58017807639393,1.07867004234442,1.94408710969643,0.00960927549364165
18,2018,-10.9087121146357,3.20210340060883,2.58357081834188,1.09947524012613,1.95653485476009,0.0131606524529069
18,2019,0,3.2027118361883,2.59192613376744,1.0940109702406,1.96334326771324,0.00887333473573263
18,2020,0,3.20094263670293,2.58914149286652,1.08991076653944,2.02671598101517,0.00666349903912763
18,2021,0,3.20514729812218,2.59757828577842,1.09343198783332,2.02295022405466,0.00475133182085706
18,2022,0,3.20261764158939,2.6029311419777,1.09963891197627,2.02295022405466,0.00475133182085706
18,2023,0,3.20105731282423,2.59944998510584,1.09486975383,2.02295022405466,0.00475133182085706
18,2024,0,3.20006702144836,2.57909796750913,1.09486975383,2.02295022405466,0.00475133182085706
19,2000,2,3.04151174244914,2.48154834812927,0.961712951391172,0,0
19,2001,0,3.04007042560235,2.4543681805451,0.983101293628372,0,0
19,2002,0.707106781186547,3.0419381935056,2.45563013616921,1.00361237759121,0.0996689798779079,0
19,2003,0.577350269189626,3.04476271670895,2.44705002833634,1.02663722786778,0.0996689798779079,0
19,2004,0,3.0445108390487,2.44850523639779,0.941265583486669,0.0996689798779079,0
19,2005,0.5,3.04660210095589,2.4503192777542,0.981708808658178,0.0996689798779079,0.0107359406765584
19,2006,0,3.04844475987846,2.47512892502837,1.03202434142744,0.197405496405059,0.0121322722652663
19,2007,0.447213595499958,3.05275629955766,2.47730830052641,1.05121992957002,0.197405496405059,0.00565084400334165
19,2008,0.816496580927726,3.05620493959074,2.47813432771677,1.05146086543611,0.197405496405059,0.00671327833104161
19,2009,0.707106781186547,3.05417509030452,2.4567087076968,1.00314549035168,0.29152611990494,0.00417913206089679
19,2010,1.89736659610103,3.059358393592,2.47122802379048,0.979521643714776,0.892623316306342,0
19,2011,0.5,3.05988596103963,2.48365761464682,0.926818115288673,1.16308559819519,0
19,2012,1.17851130197758,3.06280197019431,2.48972812151057,0.951498986656902,1.31044006955078,0
19,2013,2.5021729686849,3.06742897239413,2.47963588707228,0.946366759223724,1.38858079834503,0
19,2014,-0.845154254728517,3.07237064493625,2.474087338144,0.888615325931221,1.53352180817111,0
19,2015,2.00831604418561,3.07857933828219,2.49617919516954,0.849107904901127,1.64417392599576,0
19,2016,94.3289521807181,3.08014712731336,2.50096599785704,0.778244418030632,1.79131332634093,0
19,2017,-24.0187265442238,3.08878727387726,2.50072765287343,0.852109947041471,1.71406673635757,0
19,2018,-5.91607978309962,3.09188280584711,2.51179054894601,0.80546314615374,1.72790479339123,0
19,2019,0,3.09183938985963,2.51526019340011,0.751962211491579,1.71876062531267,0
19,2020,0,3.08657692971074,2.52151968497025,0.73010621983749,1.79131332634093,0
19,2021,0,3.09751671457387,2.50606891664411,0.70119315287499,1.76934177652865,0
19,2022,0,3.09750028139604,2.52335128241759,0.670132169305133,1.76934177652865,0
19,2023,0,3.10298551455776,2.50672718785743,0.615053986630346,1.76934177652865,0
19,2024,0,3.10630382482533,2.50459227567242,0.615053986630346,1.76934177652865,0
20,2000,18.9789618408339,3.12045535617885,2.41084177001821,1.0925059181999,1.07895118288016,0.371608262193308
20,2001,5.64285714285714,3.12181311175736,2.40180631273204,1.08688301802342,1.10883475490253,0.665592117097797
20,2002,4.26821064155454,3.1214674467069,2.39134537537768,1.08118889868957,1.13681806866811,0.505825339619791
20,2003,2.71700317338335,3.12113819511132,2.38900087404583,1.08186908019912,1.13681806866811,0.445889485021352
20,2004,-0.352028789309315,3.12258877195299,2.39797394061053,1.09054964832565,1.21110408138671,0.419317169434559
20,2005,-1.26800082293212,3.12415235358438,2.40593029860731,1.09492585710471,1.31044006955078,0.332818127542129
20,2006,0.631168744267203,3.12705856108258,2.41299206419307,1.10000340325613,1.3742797555965,0.583153906903136
20,2007,1.63760116898239,3.13019946760302,2.4165843052966,1.10004146664668,1.45221607015276,0.536668914948482
20,2008,3.80871892032375,3.13168637859158,2.41706610773979,1.09403216609741,1.47458282525919,0.817316288615
20,2009,0.331042355440947,3.12797820320471,2.39509739688374,1.11085893869463,1.52444321618213,0.628923517941298
20,2010,4.61357430560115,3.12867556885126,2.41697044122122,1.11221239134845,1.47458282525919,0.655345960330975
20,2011,4.83800494356947,3.12980339135329,2.43206867119168,1.11245362716705,1.55090483304317,0.805804940751214
20,2012,9.85365853658537,3.12862194119249,2.44117582894976,1.12380145434159,1.5673382656245,0.8612312891385
20,2013,7.31464809396933,3.12833783714192,2.44262455151812,1.11608596390539,1.57522678743277,0.855446629904556
20,2014,-0.223653011824617,3.12942110667971,2.44383829634458,1.15626380597294,1.61855024836491,0.606476977671688
20,2015,1.08005936836947,3.13086538519655,2.45330749740664,1.13868097547172,1.63165262712111,0.417098718210037
20,2016,4.35409543931652,3.13248865229015,2.44298340305603,1.12183290185855,1.61855024836491,0.246146186746594
20,2017,1.19830536549443,3.13436059406499,2.45258174592477,1.09661750978128,1.66764603037586,0.276364399946787
20,2018,-52.3354564325181,3.13579298301629,2.45671109885742,1.09248636561342,1.71876062531267,0.341366079616437
20,2019,0,3.13719672372199,2.45368069405623,1.0895604915548,1.76934177652865,0.214912337107002
20,2020,0,3.13328984092929,2.44442482988254,1.08090337178834,1.83897926169613,0.0835492230067976
20,2021,0,3.13811815085463,2.45628982248897,1.0785268182589,1.87874701527944,0.328344717438375
20,2022,0,3.14151670388604,2.4766537309203,1.06539128184851,1.87874701527944,0.328344717438375
20,2023,0,3.14014399345893,2.45823394508279,1.060828770179,1.87874701527944,0.328344717438375
20,2024,0,3.14051228252026,2.44622129838721,1.060828770179,1.87874701527944,0.328344717438375
21,2000,-0.707106781186548,2.95788085927295,2.27196947555991,0.566405281014614,1.69441561661104,0.547667702704465
21,2001,28.0648599432879,2.95917866956476,2.26251541781867,0.579765884156084,1.71406673635757,0.670169329729838
21,2002,8.16496580927726,2.9611728294684,2.2725946793386,0.592922081123463,1.72337246438745,0.515953909552095
21,2003,5.80818586492156,2.96481082430239,2.29869541886836,0.472606702703698,1.71406673635757,0.540750334956981
21,2004,6.53693594366134,2.96996558054862,2.30369679485911,0.394796993836208,1.71406673635757,0.992379120450973
21,2005,8.97583340595472,2.97328895510144,2.30181902699192,0.439969639625204,1.7092881401355,0.878441909478933
21,2006,-3.60511240366205,2.97947244135359,2.32143054392127,0.365771945492945,1.7092881401355,1.04728174242214
21,2007,8.71039423573557,2.98613719257678,2.32887431759152,0.388591603765562,1.71406673635757,0.961073325096783
21,2008,13.7878787878788,2.99043501290518,2.32846582415383,0.504367791956627,1.74528604941362,1.17507217774879
21,2009,-1.11977051683043,2.99295259505949,2.31444870058842,0.575449503863048,1.77688072259414,0.866779692133877
21,2010,7.56522746959182,2.99635311379531,2.33237424176756,0.621893367350453,1.80161529759565,1.51795021261773
21,2011,2.52693245230585,3.00139294349301,2.34300321498125,0.67601005845552,1.83016258818987,1.62610326227789
21,2012,2.6153393661244,3.00288039883921,2.34712321306447,0.690393313038838,1.8446824510512,1.46346716209673
21,2013,4.59026213356234,3.00361530161611,2.35047534600721,0.703714013291025,1.85837142018353,1.40676198552607
21,2014,-0.254685815986805,3.00748795219446,2.35381758099305,0.722965785393924,1.86363322807167,1.38260037917246
21,2015,12.5560338286915,3.01181955892541,2.35426993428131,0.681484837281265,1.87131194364302,0.932022141583257
21,2016,7.29732098069927,3.01478875892281,2.36340751480025,0.537294679675991,1.85569596402192,1.16971660509654
21,2017,-5.29888700743731,3.01968204927208,2.37037604593589,0.381541535174671,1.85025285026831,1.36860666643249
21,2018,-53.7121960079831,3.02556610535149,2.3737954817513,0.360660658851395,1.94039783103569,1.31272951633509
21,2019,0,3.02991712030304,2.37223507738309,0.373169816529267,1.94950819128584,0.59374103743352
21,2020,0,3.029082857157,2.3679499631921,0.484106183608787,1.95825692996216,0.49255023315137
21,2021,0,3.03689921780673,2.38829615932977,0.402697299464947,1.94225014492888,0.810797002258188
21,2022,0,3.04220398258324,2.40704635755242,0.404876811387871,1.94225014492888,0.810797002258188
21,2023,0,3.042789511671,2.38689538696914,0.430579250716952,1.94225014492888,0.810797002258188
21,2024,0,3.04595736687242,2.3699952537376,0.430579250716952,1.94225014492888,0.810797002258188
22,2000,3.59066249358766,3.050183425511,2.29356177682043,0.892709949369731,2.01782079972786,0.148016330174839
22,2001,5.98046465141368,3.05133533087799,2.28641952986086,0.916289362453369,2.02671598101517,0.11429355807409
22,2002,5.22341755071246,3.05154322961966,2.27758950805298,0.938879345204193,1.99304823091274,0.116302982284154
22,2003,9.48337000065605,3.05030606897821,2.27373829649369,0.92583582307304,2.04228527101219,0.113308549758899
22,2004,9.90600990601486,3.05175411148531,2.2804834660525,0.907269239111379,2.01520802696146,0.149744044157609
22,2005,4.97518595104995,3.05231365687732,2.27964881591029,0.903436057786532,1.99010793010843,0.162949765975677
22,2006,2.67261241912424,3.0536626224173,2.29677069520476,0.781698639479726,2.04457923343498,0.275741297302218
22,2007,-4.5476203737592,3.05580663630416,2.30078617577422,0.796606459113865,2.05350563860492,0.269902912979468
22,2008,3.65268466516861,3.05597062978786,2.3067178692542,0.800894206888209,2.05459439556809,0.236025556309803
22,2009,4.24087475959757,3.05289654762026,2.27491263725167,0.825189632587613,2.07225793911295,0.10967265764842
22,2010,8.19424002701002,3.05447540875144,2.29425992854148,0.80848684730973,2.0991912941464,0.215839585804535
22,2011,-0.0690888535853467,3.0529865340807,2.30924789907596,0.793041901919604,2.09391232843736,0.240207289740419
22,2012,12.0358316712697,3.04946594132771,2.31696809057685,0.813823507415139,2.0781385355525,0.254233774748807
22,2013,4.12679117540558,3.04904965137092,2.32225325746316,0.815125804068641,2.11898429591004,0.193753911398607
22,2014,-0.137308759095272,3.05025770842131,2.32761545188165,0.855238857358477,2.12132194310043,0.201952037520262
22,2015,-1.34817003849194,3.05213748816514,2.32860949537682,0.846747116825868,2.09391232843736,0.15837538835079
22,2016,5.71987597173885,3.05430395920858,2.32592485074939,0.817527140280625,2.10933988701033,0.157081110685434
22,2017,-0.0260289603147677,3.05759669051538,2.33830256356721,0.847760458588002,2.06722177936113,0.189339560531641
22,2018,-38.405728739343,3.06046626058148,2.3425910949128,0.849702775166393,2.09656956941186,0.236200215267633
22,2019,0,3.06297424401887,2.34266854593185,0.848916726511117,2.10263317049111,0.217932014798255
22,2020,0,3.0548568062028,2.31842065207616,0.872821945249062,2.12742006802611,0.197677152985558
22,2021,0,3.05934508688236,2.34068741409358,0.848270464461639,2.13477910751371,0.283623260800405
22,2022,0,3.06499883539925,2.37183973952501,0.851751649652144,2.13477910751371,0.283623260800405
22,2023,0,3.06656528996728,2.35605607404483,0.829842641793445,2.13477910751371,0.283623260800405
22,2024,0,3.06751464441192,2.34896151071313,0.829842641793445,2.13477910751371,0.283623260800405
23,2000,4,2.90663813364794,2.2255444356785,-0.179875994513947,1.96334326771324,1.42333469547537
23,2001,4.47213595499958,2.91367832715956,2.23993115646113,-0.220112675548529,1.90630920820275,1.42921775458256
23,2002,7.74596669241483,2.92163107685652,2.24700793648961,-0.259649515779843,1.92698136759131,1.31239087872243
23,2003,7.60263112349928,2.92488525371055,2.25636191145516,-0.207056872936755,1.95128601726827,1.26684300033589
23,2004,27.0464492432309,2.93605004392585,2.27202250910146,-0.184662046445926,1.9779252781272,1.25943774647823
23,2005,20.5789473684211,2.94151826715243,2.26770842664122,-0.153014793295595,1.99594849375627,1.15828875125466
23,2006,25.5993060078805,2.95023441340995,2.27554312035998,-0.133903786556878,1.97948644138698,1.18236370504119
23,2007,21.3734881862781,2.95902690339746,2.28144289122186,-0.105313097576203,1.99158314838649,1.05770175869955
23,2008,33.9043387616756,2.96989935380714,2.28667659291824,-0.0155689923073684,2.0216796577065,1.19329053355862
23,2009,47.800329749928,2.96493181662432,2.26460707535157,0.0538881663596501,2.04228527101219,0.989088766306375
23,2010,6.69940115326191,2.96143880771288,2.30081117919533,0.10601109188335,2.06413828843198,1.08311427585042
23,2011,-0.278655633326087,2.96647258700553,2.31781490684263,0.104327854826299,2.03041457806981,1.23058446970961
23,2012,13.141311817245,2.96886350838747,2.31863883680495,0.0926348798686049,2.03524529974926,1.20845323751801
23,2013,2.38287335079159,2.96952893267651,2.33042553388245,0.187977481889615,2.05350563860492,1.13025174513108
23,2014,5.96731720766607,2.97403209957725,2.33504002080586,0.237607358417059,2.06619919516057,1.01622461545575
23,2015,13.2611863182443,2.97767275269476,2.33537424019009,0.202096663940474,2.05995211406511,0.782084228241269
23,2016,-43.8054181391968,2.98111322692426,2.34072957378046,0.4253441407447,2.06722177936113,0.60587261951402
23,2017,-6.67160311063568,2.98963443324622,2.34351116884376,0.412081627729194,2.05675452821831,0.730807910885062
23,2018,-74.5318723768563,2.99547983656085,2.34336947660883,0.352399542455342,2.05241101133434,0.831142881936958
23,2019,0,2.99987103098824,2.33852462637856,0.393972485182097,2.05782601670301,0.678122258210914
23,2020,0,2.99677319979561,2.32307540601922,0.353407529050295,2.06413828843198,0.471560789361729
23,2021,0,3.00291546386596,2.34332584059788,0.363778511183048,2.05889186050534,0.867068159460181
23,2022,0,3.00735040324777,2.3576893455662,0.383706885218676,2.05889186050534,0.867068159460181
23,2023,0,3.00948459876778,2.33504045662588,0.412737451438264,2.05889186050534,0.867068159460181
23,2024,0,3.01042915465859,2.32021066212039,0.412737451438264,2.05889186050534,0.867068159460181
24,2000,2.44948974278318,2.97790093551899,2.38508618071929,0.291477048634963,1.45221607015276,0.384923948245
24,2001,6.16666666666667,2.98100942982489,2.40545438113118,0.284917024442529,1.64417392599576,0.345221836817102
24,2002,-0.351123441588392,2.98541189011462,2.40348649692015,0.278332381442759,1.61176584194231,0.251768179343651
24,2003,11.3546717886767,2.99024602640392,2.41131066557634,0.320470617909716,1.59769665036953,0.251224427004515
24,2004,1.47914799390689,2.99551745190823,2.43016901533429,0.435010687109096,1.65615849738557,0.291957800203294
24,2005,2.80139716694305,3.00175725559524,2.4403781442463,0.456717752045473,1.66196207780898,0.310200046368776
24,2006,5.5705952582764,3.01019445313298,2.4581945825528,0.454949353541791,1.6786721639007,0.287264415613355
24,2007,7.55829801294306,3.020216068737,2.45982080576718,0.405296008828863,1.75355805410956,0.30982607426982
24,2008,11.2415745210211,3.02520619687726,2.45556764571398,0.486639424167028,1.72790479339123,0.367249884873921
24,2009,2.8546119742987,3.01957607943977,2.42573342683046,0.491408509591249,1.81788435693178,0.263541550968605
24,2010,13.0340860617002,3.0258654749432,2.44764273624724,0.513943836362851,1.82715071857448,0.325353579812308
24,2011,1.50618808282194,3.02818725054151,2.46244305916188,0.540234354409418,1.83016258818987,0.3456002070033
24,2012,8.07280241854642,3.02952573742773,2.4700333421794,0.452929843257937,1.83313742834362,0.314475414970782
24,2013,1.08573563973137,3.03009792273408,2.47371963440787,0.434747335310214,1.83897926169613,0.28870813319139
24,2014,8.85084308486392,3.03257697382226,2.4698313838943,0.452242661273465,1.87874701527944,0.280994917330441
24,2015,11.0831199656395,3.03732781521966,2.47234664223711,0.436993464959166,1.90630920820275,0.25723641482055
24,2016,0.838259484615909,3.03904920208099,2.47542479992491,0.539707063956105,1.8997220353528,0.255967744935564
24,2017,-17.2846388376985,3.0416055190355,2.47893507631284,0.474968785503503,1.88357518193406,0.321668818699504
24,2018,-38.5356977359954,3.04526145958811,2.48078584607304,0.442256479003024,1.88357518193406,0.281580050190496
24,2019,0,3.04726776108034,2.4763044706,0.464371347840946,1.98257519636465,0.24688049608591
24,2020,0,3.04470085886954,2.46078935293245,0.58235064086772,1.98257519636465,0.215834128458167
24,2021,0,3.05011492802537,2.4747119108799,0.598557339984893,1.98712656721595,0.222427056482428
24,2022,0,3.05089701910639,2.49367675553531,0.557427869380468,1.98712656721595,0.222427056482428
24,2023,0,3.05295607674097,2.47417012390352,0.544414158447741,1.98712656721595,0.222427056482428
24,2024,0,3.05484473618462,2.4644641417205,0.544414158447741,1.98712656721595,0.222427056482428
25,2000,15.8296856370688,3.03558793328039,2.37767238263866,0.77722055479039,1.98862244690718,0.164357085872852
25,2001,5.11681719253465,3.03810802858227,2.37935615107253,0.753904904550886,1.99880970621322,0.196738304280467
25,2002,1.11474080342631,3.04107389925289,2.37812903157877,0.729733427877589,1.96166094784499,0.136588124937545
25,2003,4.58769875490663,3.04401089670966,2.37529786743549,0.709688239836753,1.97156518355899,0.143388260203137
25,2004,9.28912293373539,3.04816796562346,2.39078082435287,0.747469762088823,1.98562015701412,0.230000123243305
25,2005,4.29703351644133,3.05157864098886,2.40426979662752,0.729998061666029,1.99738392094077,0.182293804807094
25,2006,-1.86086800612269,3.0566814218043,2.41756271146551,0.739485352077195,1.97948644138698,0.208574939466908
25,2007,3.03062643193133,3.06261272234926,2.42694605171897,0.76543294947391,1.99450330451973,0.227414100577261
25,2008,0.286691089540498,3.06555611145967,2.42402034452533,0.799107952663578,1.98257519636465,0.374744760650165
25,2009,-2.56272658853175,3.05733570839819,2.39410874501781,0.830463178079258,2.01122669488561,0.203489518716135
25,2010,0.45573271518765,3.05796401780293,2.41495012393924,0.79600845603178,2.01782079972786,0.292076555680508
25,2011,0.750939261482638,3.05838169231471,2.43030585812601,0.818484993208543,2.00441875751929,0.345628350320912
25,2012,-0.147441956154897,3.0554073739929,2.43438669028639,0.799749105126341,2.01911503459909,0.247553189907973
25,2013,2.66362356780175,3.05450184083476,2.43620686997376,0.792040148075129,2.04684774471946,0.203553993071582
25,2014,-1.85495558304067,3.05697037632072,2.43775727990428,0.794804968678594,2.05131045530918,0.258682996842382
25,2015,-3.29848450049413,3.05911722844252,2.43863851421364,0.765506740913421,2.03404818161825,0.25800741373549
25,2016,5.50426368985962,3.06184449765042,2.4398340246933,0.821231594453298,2.02918903875561,0.255571037609375
25,2017,-0.512321076115885,3.06648481144859,2.45156793745104,0.791382423123444,2.01256222375706,0.262397180423661
25,2018,-21.2132034355964,3.07012562353326,2.45572383538712,0.807808829452836,2.02421307661139,0.256080786548774
25,2019,0,3.07266874995483,2.45300734597509,0.838464552370683,2.02795619980765,0.230237531068476
25,2020,0,3.0681862603006,2.43902707694564,0.815589024753579,2.04909131895338,0.210998037664488
25,2021,0,3.0754109980857,2.45485728772994,0.795848398938317,2.05675452821831,0.187116945156297
25,2022,0,3.07766058712204,2.47893720724202,0.779330852172345,2.05675452821831,0.187116945156297
25,2023,0,3.07945347471689,2.45313044368452,0.815208906357578,2.05675452821831,0.187116945156297
25,2024,0,3.08072821748666,2.44824970416353,0.815208906357578,2.05675452821831,0.187116945156297
26,2000,1.12794118148976,3.07329812858935,2.27031511939614,0.978526628388472,1.74104849082843,0.0498852569066843
26,2001,59.7675497239095,3.07620276089033,2.26299630721482,0.943271571251344,1.78056741440334,0.0563807875243493
26,2002,25.6211213740757,3.07740412010647,2.25234269636061,0.905464858340763,1.71876062531267,0.04590566667284
26,2003,28.7245604273975,3.07840459879815,2.2459363604741,0.913663003164996,1.78056741440334,0.0376622291451702
26,2004,23.1374893978984,3.0796363311254,2.24997663192123,0.859782215475163,1.74528604941362,0.0468640291530577
26,2005,26.685739420109,3.08128686986282,2.25081502808015,0.854319200625313,1.71406673635757,0.03649677480866
26,2006,26.9807549355268,3.08336738194406,2.25600903271513,0.855436483910353,1.76548650130625,0.0437332165974874
26,2007,25.8544395596544,3.0848485571644,2.26161801766375,0.871484720442982,1.78420083850397,0.0522070543736249
26,2008,22.0146188926789,3.08408962454921,2.25506128135288,0.885276522311812,1.8082526214155,0.0650848632639087
26,2009,0.655071579254023,3.07976238182979,2.21797288861367,0.872506275694886,1.87874701527944,0.0352961650698088
26,2010,14.1571024345909,3.07942623048027,2.24300416772971,0.872871970207302,1.92698136759131,0.0582800054485321
26,2011,-14.8097728763638,3.07851050515007,2.26475379467823,0.878698964408991,1.93283028831766,0.0651638517164402
26,2012,24.4774542857878,3.07577678675869,2.27177855784654,0.814690463516211,1.95304959913093,0.072933398198059
26,2013,-24.5028231238258,3.07478523709585,2.27549415690274,0.808272745747968,1.97156518355899,0.0626527967649422
26,2014,-17.2306907654681,3.07645948123069,2.28110548770485,0.77690675332723,1.9779252781272,0.0605735847385585
26,2015,-4.73835158800615,3.08019277573993,2.28168744052666,0.731476653696176,1.96166094784499,0.0478557035314888
26,2016,3.52781158020869,3.08275392132313,2.28043250899079,0.776304350748787,1.96831365481049,0.0419071793624151
26,2017,-5.66941841539048,3.0851401587773,2.2897107227129,0.807744102167694,1.94225014492888,0.0530158946743254
26,2018,-114.249726476697,3.08688674564005,2.29224293803802,0.783228192019537,1.97156518355899,0.062924635008816
26,2019,0,3.08800252767087,2.29031201380555,0.789733203238988,1.96831365481049,0.038990339736019
26,2020,0,3.07693472564457,2.26800353044354,0.716634811941941,2.00716840345643,0.0381031564685302
26,2021,0,3.08270638505031,2.29078951292059,0.705971161987328,2.0030303803298,0.114676341982704
26,2022,0,3.08768576974382,2.32333297828887,0.678699623524841,2.0030303803298,0.114676341982704
26,2023,0,3.08882539865375,2.30595521006428,0.693498661604985,2.0030303803298,0.114676341982704
26,2024,0,3.09098310588073,2.30079792569047,0.693498661604985,2.0030303803298,0.114676341982704
27,2000,17.791090866458,3.12237457622749,2.33060189126911,1.10888875906717,2.18235004789515,0.303760149439423
27,2001,18.9120129435405,3.123326593143,2.32845264963081,1.11495571835687,2.1684080813476,0.312196508868791
27,2002,14.5063704147073,3.12501782369596,2.31988353051719,1.12093968408027,2.15912831897605,0.311217798314886
27,2003,-7.65559002350953,3.12632502931939,2.31538485047365,1.13320199892376,2.15069448679568,0.257689535568136
27,2004,23.7828516863467,3.12956173297131,2.32399958677763,1.12931826413314,2.15657355623141,0.234221457501953
27,2005,3.45911801075157,3.13161561946984,2.33685355584316,1.10818438645826,2.17953136821436,0.412080223106006
27,2006,1.26896263132364,3.13510128199877,2.34605352458048,1.1233808391259,2.18402065937559,0.41608963624633
27,2007,0.66872520701755,3.13721103672362,2.34864588368336,1.13459794650495,2.19320889631057,0.577777333219838
27,2008,10.9986123526657,3.13573142210625,2.35539404349206,1.14197766051597,2.20044134060137,0.580718047420973
27,2009,-4.2589526859595,3.13120847872448,2.33174732966401,1.15232491688527,2.21267546866817,0.331695439760499
27,2010,6.62513696315681,3.13533066255568,2.3389408476873,1.14495280037899,2.20788146337154,0.981063645742386
27,2011,-8.4282935132081,3.13737696443256,2.34183212948752,1.14167765902093,2.21125070957909,1.07764203194909
27,2012,-2.57732958880614,3.13637587201343,2.33940403734521,1.14441246154639,2.2245679706765,0.829153816293118
27,2013,-3.12852118222728,3.13662202520239,2.33099885526719,1.15031271252017,2.22008765699606,0.795982928824517
27,2014,4.80695070369467,3.13772902657401,2.33606698349543,1.15670785567155,2.22589024438547,0.744601583101628
27,2015,-4.64319574217485,3.1405285467625,2.33686527851822,1.16061565032929,2.23981521680813,0.454759246876991
27,2016,-3.96791824127244,3.14126433690912,2.33521661136793,1.15075525488022,2.23571096742648,0.628726302793837
27,2017,23.5185233310932,3.14171113410526,2.3411216570592,1.11449120336749,2.23940909970874,0.818901691343409
27,2018,-69.4910066123667,3.14222261182099,2.35045697274162,1.10420812075548,2.23859402269672,0.826542665691754
27,2019,0,3.14356755274596,2.35527806623856,1.10656354977469,2.24382522901209,0.384895845781258
27,2020,0,3.14126142446125,2.33754965431972,1.0993141129092,2.26223579895295,0.355092026891711
27,2021,0,3.14513145918053,2.35191620883766,1.07875249087081,2.26259178017275,0.896329132231652
27,2022,0,3.14561878451937,2.381992188385,1.07538633894553,2.26259178017275,0.896329132231652
27,2023,0,3.14503693863454,2.38285837862798,1.04828862741959,2.26259178017275,0.896329132231652
27,2024,0,3.14546953456988,2.37987682809387,1.04828862741959,2.26259178017275,0.896329132231652
